,banks,foreigners_private,money_market_funds
dealers,8.578717988622056,29.999999999969052,1.4212820044453547
insurers,24.999999998029686,7.824099790038291e-12,0.0
households_residual,16.42128201334291,0.0,3.578717987335701
mutual_funds_etfs,5.344168245303014e-12,2.312461026609045e-11,15.000000008218942
