,banks,foreigners_private,money_market_funds,insurers
banks,0.0,0.21479788530337307,1.9623514976087562,1.8429262172131298
foreigners_private,0.21479788530337307,0.0,1.5948205591752425,1.9925455443594466
money_market_funds,1.9623514976087562,1.5948205591752425,0.0,0.3327599241732172
insurers,1.8429262172131298,1.9925455443594466,0.3327599241732172,0.0
