,banks,foreigners_private,money_market_funds
dealers,16.941555045997386,13.691714502826592,9.366730451537883
insurers,13.826107447736316,11.173892558613437,0.0
households_residual,12.879254364017282,0.0,7.12074562913541
mutual_funds_etfs,6.3530831422490195,5.134392938559973,3.5125239193267057
