,banks,foreigners_private,money_market_funds
dealers,16.94155504598465,13.691714502868795,9.366730451497988
insurers,13.826107447611191,11.173892558555371,0.0
households_residual,12.879254364160218,0.0,7.120745629189996
mutual_funds_etfs,6.353083142243939,5.134392938575833,3.512523919312015
