buyer_class,mean_share,mean_amount,quarters
dealers,0.7959361938868548,1725.2000554439394,66
foreign_official,0.15181738902867398,325.1700572848485,66
fed,0.05652891028811642,147.83996766557377,61
