sector,foreigners_official
money_market_funds,0.34389650733469723
households_residual,0.3958231334405027
mutual_funds_etfs,1.1121169379033506
banks,1.734508563996041
state_local_governments,1.840837411581192
