sector,banks
state_local_governments,0.02040030407030935
pensions,0.0400260230242967
insurers,0.05632805970603538
nonfinancial_corporates,0.05922564412851106
other_financial,0.06127372730802105
