sector,money_market_funds
households_residual,0.03749508560452364
foreigners_official,0.34389650733469723
dealers,1.7753246074971467
mutual_funds_etfs,1.808219200035396
other_financial,1.8966290590910782
