sector,money_market_funds
households_residual,0.0473212428049975
foreigners_private,0.19542563151247527
foreigners_official,0.6008707426981681
mutual_funds_etfs,1.4170680327917435
banks,1.8004173555870828
