sector,banks
state_local_governments,0.04724414859129977
pensions,0.11755626353839299
mutual_funds_etfs,0.14129734087542
insurers,0.17544940000107445
other_financial,0.1884790586395637
