sector,foreigners_official
money_market_funds,0.6008707426981681
households_residual,0.6050432425540593
foreigners_private,0.8733225518280329
dealers,1.2722785219756392
nonfinancial_corporates,1.3654173253378858
