sector,foreigners_private
money_market_funds,0.19542563151247527
households_residual,0.40121224642925346
foreigners_official,0.8733225518280329
mutual_funds_etfs,1.1322864172707507
banks,1.59860878186153
